Another suspicious package found, addressed to <Person gate:gateId="18291" rule="Unknown" gate:matches="17215;17864;17890;17891" NMRule="Unknown" kind="PN">Cory</Person> <Location gate:gateId="18066" rule="Location1" ruleFinal="LocFinal" locType="city" gate:matches="17177;17179;17195;17196;17197;17216;17226;17411">Booker</Location> - The <Organization gate:gateId="18067" orgType="company" rule="GazOrganization" ruleFinal="OrgFinal" gate:matches="17178;17180;17181;17182;17183;17191;17192;17193;17194;17202;17497;17503;17505;17509;17510;17511;17512">Boston Globe</Organization>

Another suspicious package found, addressed to <Person gate:gateId="18292" rule="Unknown" gate:matches="17215;17864;17890;17891" NMRule="Unknown" kind="PN">Cory</Person> <Location gate:gateId="18068" rule="Location1" ruleFinal="LocFinal" locType="city" gate:matches="17177;17179;17195;17196;17197;17216;17226;17411">Booker</Location> - The <Organization gate:gateId="18069" orgType="company" rule="GazOrganization" ruleFinal="OrgFinal" gate:matches="17178;17180;17181;17182;17183;17191;17192;17193;17194;17202;17497;17503;17505;17509;17510;17511;17512">Boston Globe</Organization>

Menu The <Organization gate:gateId="18070" orgType="company" rule="GazOrganization" ruleFinal="OrgFinal" gate:matches="17178;17180;17181;17182;17183;17191;17192;17193;17194;17202;17497;17503;17505;17509;17510;17511;17512">Boston Globe</Organization>

Visit The <Organization gate:gateId="18071" orgType="company" rule="GazOrganization" ruleFinal="OrgFinal" gate:matches="17178;17180;17181;17182;17183;17191;17192;17193;17194;17202;17497;17503;17505;17509;17510;17511;17512">Boston Globe</Organization>

Subscribe

Starting at 99 cents

Members

Sign In
Close Notification

Digital Access

99 cents a week for the first 4 weeks
Subscribe

Home Delivery

Save 50% off the regular rate
Subscribe
Already a subscriber? Members Sign In
The <Organization gate:gateId="18072" orgType="company" rule="GazOrganization" ruleFinal="OrgFinal" gate:matches="17178;17180;17181;17182;17183;17191;17192;17193;17194;17202;17497;17503;17505;17509;17510;17511;17512">Boston Globe</Organization>

<Organization gate:gateId="18073" orgType="company" rule="GazOrganization" ruleFinal="OrgFinal">Metro</Organization>
Sports
<Organization gate:gateId="18074" orgType="unknown" rule="OrgXandY" ruleFinal="OrgFinal">Business &amp; Tech</Organization>
Opinion
Politics
Lifestyle
Arts
Cars
<Organization gate:gateId="18075" orgType="unknown" rule="OrgXBase" ruleFinal="OrgFinal">Real Estate</Organization>
Events
Most popular on BostonGlobe.com
In 3 a.m. tweet, <Person gate:gateId="18295" rule="Unknown" gate:matches="17817;17818;17826;17830;17833;17844;17848;17849;17850;17853;17854;17855;17856;17857;17858;17860;17863;17868;17869;17870;17871;17873;17874;17877;17878;17882;17884;17887;17889;17892;17893;17894" NMRule="Unknown" kind="PN">Trump</Person> claims he’s being blamed for mail bombs

<Organization gate:gateId="18076" orgType="company" rule="GazOrganization" ruleFinal="OrgFinal" gate:matches="17188;17412;17444;17451">Khashoggi</Organization> killing spotlights Saudi money flowing to <Organization gate:gateId="18077" orgType="company" rule="GazOrganization" ruleFinal="OrgFinal" gate:matches="17189;17413;17437;17445;17452;17453">Harvard</Organization>, <Organization gate:gateId="18224" rule="Unknown" gate:matches="17835;17837;17838;17839;17840;17841;17843" NMRule="Unknown" kind="PN">MIT</Organization>

The <Person gate:gateId="18172" firstName="Megyn" rule="UnknownSurname" gate:matches="17816;17827;17828;17829;17831;17832;17859;17865;17876;17885;17886;17895" surname="Kelly" kind="personName"><Person gate:gateId="18296" rule="Unknown" matchedWithLonger="true" gate:matches="17816;17827;17828;17829;17831;17832;17859;17865;17876;17885;17886;17895" NMRule="Unknown" kind="PN">Megyn</Person> Kelly</Person> fiasco that was waiting to happen

On mass transit, Baker’s promises and commuters’ experiences often diverge

Search The <Organization gate:gateId="18078" orgType="company" rule="GazOrganization" ruleFinal="OrgFinal" gate:matches="17178;17180;17181;17182;17183;17191;17192;17193;17194;17202;17497;17503;17505;17509;17510;17511;17512">Boston Globe</Organization>

Today&apos;s Paper
Magazine
Obituaries
Weather
Comics
Crossword
The Big Picture
Search The <Organization gate:gateId="18079" orgType="company" rule="GazOrganization" ruleFinal="OrgFinal" gate:matches="17178;17180;17181;17182;17183;17191;17192;17193;17194;17202;17497;17503;17505;17509;17510;17511;17512">Boston Globe</Organization>

Menu The <Organization gate:gateId="18080" orgType="company" rule="GazOrganization" ruleFinal="OrgFinal" gate:matches="17178;17180;17181;17182;17183;17191;17192;17193;17194;17202;17497;17503;17505;17509;17510;17511;17512">Boston Globe</Organization>

Visit The <Organization gate:gateId="18081" orgType="company" rule="GazOrganization" ruleFinal="OrgFinal" gate:matches="17178;17180;17181;17182;17183;17191;17192;17193;17194;17202;17497;17503;17505;17509;17510;17511;17512">Boston Globe</Organization>

Subscribe

Starting at 99 cents

Members

Sign In
Close Notification

Digital Access

99 cents a week for the first 4 weeks
Subscribe

Home Delivery

Save 50% off the regular rate
Subscribe
Already a subscriber? Members Sign In
Nation
Two more suspicious packages found, addressed to <Location gate:gateId="18082" rule="Location1" ruleFinal="LocFinal" locType="city" gate:matches="17177;17179;17195;17196;17197;17216;17226;17411">Booker</Location>, <Person gate:gateId="18228" rule="Unknown" gate:matches="17217;17819;17845;17846;17847;17851" NMRule="Unknown" kind="PN">Clapper</Person>
Two more suspicious packages found, addressed to <Location gate:gateId="18083" rule="Location1" ruleFinal="LocFinal" locType="city" gate:matches="17177;17179;17195;17196;17197;17216;17226;17411">Booker</Location>, <Person gate:gateId="18230" rule="Unknown" gate:matches="17217;17819;17845;17846;17847;17851" NMRule="Unknown" kind="PN">Clapper</Person>
Two more suspicious packages found, addressed to <Location gate:gateId="18084" rule="Location1" ruleFinal="LocFinal" locType="city" gate:matches="17177;17179;17195;17196;17197;17216;17226;17411">Booker</Location>, <Person gate:gateId="18231" rule="Unknown" gate:matches="17217;17819;17845;17846;17847;17851" NMRule="Unknown" kind="PN">Clapper</Person>
Email to a Friend

Share via e-mail
To Add a message Your e-mail

Share on <Organization gate:gateId="18085" orgType="company" rule="GazOrganization" ruleFinal="OrgFinal" gate:matches="17198;17204;17427;17500;17508">Facebook</Organization>


Share on <Organization gate:gateId="18086" orgType="company" rule="GazOrganization" ruleFinal="OrgFinal" gate:matches="17199;17203;17266;17400;17501">Twitter</Organization>


Share on <Organization gate:gateId="18087" orgType="company" rule="GazOrganization" ruleFinal="OrgFinal" gate:matches="17200;17502">Google</Organization> Plus


Share on <Organization gate:gateId="18088" orgType="company" rule="GazOrganization" ruleFinal="OrgFinal">LinkedIn</Organization>


Print this Article

Print
View Comments

78 Comments
Visit The <Organization gate:gateId="18089" orgType="company" rule="GazOrganization" ruleFinal="OrgFinal" gate:matches="17178;17180;17181;17182;17183;17191;17192;17193;17194;17202;17497;17503;17505;17509;17510;17511;17512">Boston Globe</Organization>

Share on <Organization gate:gateId="18090" orgType="company" rule="GazOrganization" ruleFinal="OrgFinal" gate:matches="17199;17203;17266;17400;17501">Twitter</Organization>

Share on <Organization gate:gateId="18091" orgType="company" rule="GazOrganization" ruleFinal="OrgFinal" gate:matches="17198;17204;17427;17500;17508">Facebook</Organization>

Comment on this

78 Scroll to top of page

Jeenah Moon/The <Organization gate:gateId="18092" orgType="company" rule="GazOrganization" ruleFinal="OrgFinal">New York Times</Organization>
Outside of the <Organization gate:gateId="18093" orgType="company" rule="GazOrganization" ruleFinal="OrgFinal">Time Warner</Organization> building in <Location gate:gateId="18094" rule="InLoc1" ruleFinal="LocFinal" locType="city" gate:matches="17207;17228;17290" kind="locName">Manhattan</Location> on Wednesday.
By <Person gate:gateId="18095" firstName="Michael" rule="PersonFull" ruleFinal="PersonFinal" gender="male" surname="Balsamo" kind="fullName">Michael Balsamo</Person>, <Organization gate:gateId="18096" orgType="unknown" rule="OrgXandYKey" ruleFinal="OrgFinal">Colleen Long and Zeke Miller Associated Press</Organization>&#160; October 26, 2018

<Location gate:gateId="18097" rule="Location1" ruleFinal="LocFinal" locType="city" gate:matches="17212;17274;17311;17330">WASHINGTON</Location> (<Organization gate:gateId="18098" orgType="company" rule="GazOrganization" ruleFinal="OrgFinal" gate:matches="17213;17236;17324">AP</Organization>) — Suspicious packages addressed to <Location gate:gateId="18099" locType="province" rule="Location1" ruleFinal="LocFinal">New Jersey</Location> <Person gate:gateId="18100" ruleFinal="PersonFinal" gender="unknown" surname="Cory" kind="personName" rule="PersonTitleGenderUnknown" title="Sen." gate:matches="17215;17864;17890;17891">Sen. Cory</Person> <Location gate:gateId="18101" rule="Location1" ruleFinal="LocFinal" locType="city" gate:matches="17177;17179;17195;17196;17197;17216;17226;17411">Booker</Location> and former National <Organization gate:gateId="18207" rule ="UnknownJobTitlePerson" orgType ="company">Intelligence</Organization> Director <Person gate:gateId="18102" rule="PersonJobTitle" ruleFinal="PersonFinal" gate:matches="17217;17819;17845;17846;17847;17851" kind="fullName">James Clapper</Person> — and similar in appearance to pipe bomb devices sent to other prominent Democrats — have been intercepted, the <Organization gate:gateId="18103" orgType="government" rule="GazOrganization" ruleFinal="OrgFinal" gate:matches="17218;17225;17259;17390">FBI</Organization> said Friday, as investigators scrambled from coast to coast to locate the culprit and motives behind a bizarre plot aimed at critics of <Person gate:gateId="18175" rule="PersonTitle1" gate:matches="17817;17818;17826;17830;17833;17844;17848;17849;17850;17853;17854;17855;17856;17857;17858;17860;17863;17868;17869;17870;17871;17873;17874;17877;17878;17882;17884;17887;17889;17892;17893;17894">President Donald Trump</Person>.

The discoveries brought to 12 the total number of devices addressed in recent days to Democratic figures including former <Person gate:gateId="18104" rule="PersonTitleGenderUnknown" ruleFinal="PersonFinal" title="President" gender="unknown" surname="Barack" kind="personName">President Barack</Person> <Person gate:gateId="18105" rule="GazPerson" ruleFinal="PersonFinal" gender="male" gate:matches="17222;17230;17243;17307;17312;17316" surname="Obama" kind="fullName">Obama</Person>, former Vice President <Person gate:gateId="18106" rule="PersonJobTitle" ruleFinal="PersonFinal" gate:matches="17223;17821;17823;17866;17867;17872" kind="fullName">Joe Biden</Person> and <Person gate:gateId="18107" firstName="Hillary" ruleFinal="PersonFinal" gender="female" surname="Clinton" kind="fullName" rule="GazPerson" gate:matches="17224;17244">Hillary Clinton</Person>.

The <Organization gate:gateId="18108" orgType="government" rule="GazOrganization" ruleFinal="OrgFinal" gate:matches="17218;17225;17259;17390">FBI</Organization> said the package to <Location gate:gateId="18109" rule="Location1" ruleFinal="LocFinal" locType="city" gate:matches="17177;17179;17195;17196;17197;17216;17226;17411">Booker</Location> was intercepted in <Location gate:gateId="18110" rule="InLoc1" ruleFinal="LocFinal" locType="province" gate:matches="17227;17237;17238;17242;17276;17278;17318;17359;17476" kind="locName">Florida</Location>. The one discovered at a <Location gate:gateId="18111" rule="Location1" ruleFinal="LocFinal" locType="city" gate:matches="17207;17228;17290">Manhattan</Location> postal facility was addressed to <Person gate:gateId="18237" rule="Unknown" gate:matches="17217;17819;17845;17846;17847;17851" NMRule="Unknown" kind="PN">Clapper</Person> c/o <Organization gate:gateId="18112" orgType="company" rule="GazOrganization" ruleFinal="OrgFinal" gate:matches="17229;17233;17245;17250;17269;17270;17291;17320;17362;17449">CNN</Organization>. An earlier package had been sent to former <Person gate:gateId="18113" rule="GazPerson" ruleFinal="PersonFinal" gender="male" gate:matches="17222;17230;17243;17307;17312;17316" surname="Obama" kind="fullName">Obama</Person> <Organization gate:gateId="18114" orgType="company" rule="GazOrganization" ruleFinal="OrgFinal" gate:matches="17231;17268">CIA</Organization> Director <Person gate:gateId="18115" rule="PersonJobTitle" ruleFinal="PersonFinal" gate:matches="17232;17861;17862;17883" kind="fullName">John Brennan</Person> in care of <Organization gate:gateId="18116" orgType="company" rule="GazOrganization" ruleFinal="OrgFinal" gate:matches="17229;17233;17245;17250;17269;17270;17291;17320;17362;17449">CNN</Organization> in <Location gate:gateId="18117" rule="InLoc1" ruleFinal="LocFinal" locType="city" gate:matches="17234;17254;17272;17283;17289;17301;17304;17309;17321;17333" kind="locName">New York</Location>.
Advertisement

Investigators were analyzing the innards of the crude devices to reveal whether they were intended to detonate or simply sow fear just before Election <Person gate:gateId="18239" rule="Unknown" matchedWithLonger="true" gender="male" gate:matches="17329;17852" NMRule="Unknown" kind="PN">Day</Person>.
Get Ground Game in your inbox:
Daily updates and analysis on national politics from <Person gate:gateId="18118" firstName="James" rule="PersonFull" ruleFinal="PersonFinal" gender="male" surname="Pindell" kind="fullName">James Pindell</Person>.
Sign Up
Thank you for signing up! Sign up for more newsletters here

Law enforcement officials told The <Organization gate:gateId="18119" orgType="unknown" rule="TheOrgXKey" ruleFinal="OrgFinal" gate:matches="17213;17236;17324">Associated Press</Organization> that the devices, containing timers and batteries, were not rigged like booby-trapped package bombs that would explode upon opening. But they were uncertain whether the devices were poorly designed or never intended to cause physical harm. A search of a postal database suggested at least some may have been mailed from <Location gate:gateId="18120" rule="Location1" ruleFinal="LocFinal" locType="province" gate:matches="17227;17237;17238;17242;17276;17278;17318;17359;17476">Florida</Location>, one official said. Investigators are homing in on a postal facility in Opa-locka, <Location gate:gateId="18121" rule="Location1" ruleFinal="LocFinal" locType="province" gate:matches="17227;17237;17238;17242;17276;17278;17318;17359;17476">Florida</Location>, where they believe some of the packages originated, another official said.
Related Links
Read Story
Here are some of the clues in the pipe bomb case

While agents work behind the scenes, here are some clues that we already know investigators are working with in the pipe bomb case.

The officials spoke on condition of anonymity because they were not authorized to discuss the ongoing investigation by name.

Homeland Security Secretary Kirstjen <Organization gate:gateId="18122" orgType="company" rule="GazOrganization" ruleFinal="OrgFinal" gate:matches="17239;17369">Nielsen</Organization>, in an interview Thursday night with <Organization gate:gateId="18123" orgType="newspaper" rule="NewspaperEndng" ruleFinal="OrgFinal">Fox News</Organization> Channel, acknowledged that some of packages originated in <Location gate:gateId="18124" rule="InLoc1" ruleFinal="LocFinal" locType="province" gate:matches="17227;17237;17238;17242;17276;17278;17318;17359;17476" kind="locName">Florida</Location>.

New details about the devices came as the four-day mail bomb scare spread nationwide, drawing investigators from dozens of federal, state and local agencies in the effort to identify one or more perpetrators.
Advertisement

The targets have included <Person gate:gateId="18125" rule="GazPerson" ruleFinal="PersonFinal" gender="male" gate:matches="17222;17230;17243;17307;17312;17316" surname="Obama" kind="fullName">Obama</Person>, <Person gate:gateId="18126" firstName="Hillary" ruleFinal="PersonFinal" gender="female" surname="Clinton" kind="fullName" rule="GazPerson" gate:matches="17224;17244">Hillary Clinton</Person>, <Organization gate:gateId="18127" orgType="company" rule="GazOrganization" ruleFinal="OrgFinal" gate:matches="17229;17233;17245;17250;17269;17270;17291;17320;17362;17449">CNN</Organization> and Rep. <Person gate:gateId="18128" rule="PersonJobTitle" ruleFinal="PersonFinal" gate:matches="17246;17879" kind="fullName">Maxine Waters</Person> of <Location gate:gateId="18129" rule="Location1" ruleFinal="LocFinal" locType="province" gate:matches="17247;17277">California</Location>. The common thread among them was obvious: their critical words for <Person gate:gateId="18243" rule="Unknown" gate:matches="17817;17818;17826;17830;17833;17844;17848;17849;17850;17853;17854;17855;17856;17857;17858;17860;17863;17868;17869;17870;17871;17873;17874;17877;17878;17882;17884;17887;17889;17892;17893;17894" NMRule="Unknown" kind="PN">Trump</Person> and his frequent, harsher criticism in return.

<Person gate:gateId="18244" rule="Unknown" gate:matches="17817;17818;17826;17830;17833;17844;17848;17849;17850;17853;17854;17855;17856;17857;17858;17860;17863;17868;17869;17870;17871;17873;17874;17877;17878;17882;17884;17887;17889;17892;17893;17894" NMRule="Unknown" kind="PN">Trump</Person> claimed on Friday he was being blamed for the mail bombs addressed to his critics, complaining in a tweet sent before <Person gate:gateId="18130" firstName="dawn" ruleFinal="PersonFinal" gender="female" matchedWithLonger="true" kind="firstName" rule="GazPersonFirst" gate:matches="17249;17450">dawn</Person>: ‘‘Funny how lowly rated <Organization gate:gateId="18131" orgType="company" rule="GazOrganization" ruleFinal="OrgFinal" gate:matches="17229;17233;17245;17250;17269;17270;17291;17320;17362;17449">CNN</Organization>, and others, can criticize me at will, even blaming me for the current spate of Bombs and ridiculously comparing this to September 11th and the <Location gate:gateId="18132" locType="city" rule="Location1" ruleFinal="LocFinal">Oklahoma City</Location> bombing, yet when I criticize them they go wild and scream, ‘it’s just not Presidential!&apos;’’

At a press conference Thursday, officials in <Location gate:gateId="18133" rule="InLoc1" ruleFinal="LocFinal" locType="city" gate:matches="17234;17254;17272;17283;17289;17301;17304;17309;17321;17333" kind="locName">New York</Location> would not discuss possible motives or details on how the packages found their way into the <Location gate:gateId="18134" rule="Location1" ruleFinal="LocFinal" locType="country" gate:matches="17255;17258;17284">U.S.</Location> postal system. Nor would they say why none of the packages had detonated, but they stressed they were still treating them as ‘‘live devices.’’

‘‘As far as a hoax device, we’re not treating it that way,’’ police <Person gate:gateId="18135" firstName="James" ruleFinal="PersonFinal" gender="unknown" surname="O" kind="personName" rule="PersonTitleGenderUnknown" title="Commissioner">Commissioner James O&apos;Neill</Person> said.

Details suggested a pattern — that the items were packaged in <Location gate:gateId="18136" rule="InLoc1" ruleFinal="LocFinal" locType="city" kind="locName">manila</Location> envelopes, addressed to prominent <Person gate:gateId="18246" rule="Unknown" gate:matches="17817;17818;17826;17830;17833;17844;17848;17849;17850;17853;17854;17855;17856;17857;17858;17860;17863;17868;17869;17870;17871;17873;17874;17877;17878;17882;17884;17887;17889;17892;17893;17894" NMRule="Unknown" kind="PN">Trump</Person> critics and carried <Location gate:gateId="18137" rule="Location1" ruleFinal="LocFinal" locType="country" gate:matches="17255;17258;17284">U.S.</Location> postage stamps. The devices were being examined by technicians at the <Organization gate:gateId="18138" orgType="government" rule="GazOrganization" ruleFinal="OrgFinal" gate:matches="17218;17225;17259;17390">FBI</Organization>’s forensic lab in Quantico, <Location gate:gateId="18139" locType="province" rule="Location1" ruleFinal="LocFinal">Virginia</Location>.
Advertisement

The packages stoked nationwide tensions and fears as voters prepared to vote Nov. 6 to determine partisan control of <Organization gate:gateId="18140" orgType="government" rule="GazOrganization" ruleFinal="OrgFinal">Congress</Organization> — a campaign both major political parties have described in near-apocalyptic terms. Even with the sender still unknown, politicians from both parties used the threats to decry a toxic political climate and lay blame.

‘‘A very big part of the Anger we see today in our society is caused by the purposely false and inaccurate reporting of the <Organization gate:gateId="18141" orgType="unknown" rule="TheOrgXKey" ruleFinal="OrgFinal" gate:matches="17264;17267;17398;17401">Mainstream Media</Organization> that I refer to as <Organization gate:gateId="18142" orgType="newspaper" rule="NewspaperEndng" ruleFinal="OrgFinal" gate:matches="17265;17399">Fake News</Organization>,’’ <Person gate:gateId="18177" matchedWithLonger="true" rule="PersonSays" gate:matches="17817;17818;17826;17830;17833;17844;17848;17849;17850;17853;17854;17855;17856;17857;17858;17860;17863;17868;17869;17870;17871;17873;17874;17877;17878;17882;17884;17887;17889;17892;17893;17894">Trump</Person> said on <Organization gate:gateId="18143" orgType="company" rule="GazOrganization" ruleFinal="OrgFinal" gate:matches="17199;17203;17266;17400;17501">Twitter</Organization>. ‘‘It has gotten so bad and hateful that it is beyond description. <Organization gate:gateId="18144" orgType="unknown" rule="OrgXKey" ruleFinal="OrgFinal" gate:matches="17264;17267;17398;17401">Mainstream Media</Organization> must clean up its act, FAST!’’

Former <Organization gate:gateId="18145" orgType="company" rule="GazOrganization" ruleFinal="OrgFinal" gate:matches="17231;17268">CIA</Organization> Director <Person gate:gateId="18251" rule="Unknown" matchedWithLonger="true" gate:matches="17232;17861;17862;17883" NMRule="Unknown" kind="PN">Brennan</Person>, the target of a package sent to <Organization gate:gateId="18146" orgType="company" rule="GazOrganization" ruleFinal="OrgFinal" gate:matches="17229;17233;17245;17250;17269;17270;17291;17320;17362;17449">CNN</Organization>, fired back.

‘‘Stop blaming others. Look in the mirror,’’ <Person gate:gateId="18252" rule="Unknown" gate:matches="17232;17861;17862;17883" NMRule="Unknown" kind="PN">Brennan</Person> tweeted. ‘‘Your inflammatory rhetoric, insults, lies, &amp; encouragement of physical violence are disgraceful. Clean up your act....try to act Presidential.’’

<Organization gate:gateId="18147" orgType="company" rule="GazOrganization" ruleFinal="OrgFinal" gate:matches="17229;17233;17245;17250;17269;17270;17291;17320;17362;17449">CNN</Organization> didn’t immediately respond to messages seeking comment before business hours, but in an interview on the network Friday morning, <Person gate:gateId="18179" matchedWithLonger="true" rule="PersonSays" gate:matches="17217;17819;17845;17846;17847;17851">Clapper</Person> said he was “in some sense, relieved,” that the package was intercepted because his neighbors were retrieving his mail.

He added: “This is not going to silence the administration’s critics.”

The list of bombing targets spread from <Location gate:gateId="18148" rule="GazLocation" ruleFinal="LocFinal" locType="city" gate:matches="17234;17254;17272;17283;17289;17301;17304;17309;17321;17333">New York</Location>, <Location gate:gateId="18149" rule="GazLocation" ruleFinal="LocFinal" locType="province" gate:matches="17273;17292">Delaware</Location> and <Location gate:gateId="18150" rule="GazLocation" ruleFinal="LocFinal" locType="city" gate:matches="17212;17274;17311;17330">Washington</Location>, <Location gate:gateId="18151" locType="province" rule="GazLocation" ruleFinal="LocFinal">D.C.</Location>, to <Location gate:gateId="18152" rule="Location1" ruleFinal="LocFinal" locType="province" gate:matches="17227;17237;17238;17242;17276;17278;17318;17359;17476">Florida</Location> and <Location gate:gateId="18153" rule="Location1" ruleFinal="LocFinal" locType="province" gate:matches="17247;17277">California</Location>.

The explosive devices were packed in envelopes with bubble-wrap interiors bearing six American flag stamps and the return address of <Location gate:gateId="18154" rule="Location1" ruleFinal="LocFinal" locType="province" gate:matches="17227;17237;17238;17242;17276;17278;17318;17359;17476">Florida</Location> Rep. <Person gate:gateId="18155" rule="PersonJobTitle" ruleFinal="PersonFinal" gate:matches="17279;17881" kind="fullName">Debbie Wasserman</Person> Schultz, the former chairwoman of the <Organization gate:gateId="18156" orgType="unknown" rule="TheOrgXKey" ruleFinal="OrgFinal">Democratic National Committee</Organization>.

The bombs seized Wednesday were about 6 inches (15 centimeters) long and packed with powder and broken glass, according to a law enforcement official who viewed <Person gate:gateId="18181" firstName="X-" rule="UnknownSurname" surname="ray" kind="personName">X-ray</Person> images. The official said the devices were made from PVC pipe and covered with black tape. At the <Location gate:gateId="18157" rule="Location1" ruleFinal="LocFinal" locType="city" gate:matches="17234;17254;17272;17283;17289;17301;17304;17309;17321;17333">New York</Location> briefing, authorities confirmed that at least some of the packages were distributed through the <Location gate:gateId="18158" rule="Location1" ruleFinal="LocFinal" locType="country" gate:matches="17255;17258;17284">U.S.</Location> mail, and cautioned that there could be additional devices in the postal system. They said investigators searching for more suspicious parcels had not found any during the previous eight hours.

<Person gate:gateId="18159" firstName="David" rule="PersonFull" ruleFinal="PersonFinal" gender="male" surname="Chipman" kind="fullName">David Chipman</Person>, a retired federal ATF agent and now senior policy adviser for the <Organization gate:gateId="18160" orgType="unknown" rule="TheOrgXBase" ruleFinal="OrgFinal">Giffords Center</Organization>, said the details revealed telltale signs that could help guide investigators.

The tape on the pipe is ‘‘an investigator’s dream,’’ he said, recalling a case in <Location gate:gateId="18161" rule="InLoc1" ruleFinal="LocFinal" locType="province" kind="locName">Texas</Location> that was solved because the fibers on the tape were traced to the bomber’s dog. He said bombers tend to plot methodically.

‘‘This is someone sitting down and spending time thinking about what they’re going to do to someone else. And some people like to relish that,’’ he said.

The new packages discovered Thursday set off a new wave of alarm.

A retired <Location gate:gateId="18162" rule="Location1" ruleFinal="LocFinal" locType="city" gate:matches="17234;17254;17272;17283;17289;17301;17304;17309;17321;17333">New York</Location> police detective working in security in De Niro’s <Location gate:gateId="18163" rule="Location1" ruleFinal="LocFinal" locType="city" gate:matches="17207;17228;17290">Manhattan</Location> office called police after seeing images of a package bomb sent to <Organization gate:gateId="18164" orgType="company" rule="GazOrganization" ruleFinal="OrgFinal" gate:matches="17229;17233;17245;17250;17269;17270;17291;17320;17362;17449">CNN</Organization> and recalling a similar package addressed to the actor, officials said.

The packages addressed to <Person gate:gateId="18259" rule="Unknown" gate:matches="17223;17821;17823;17866;17867;17872" NMRule="Unknown" kind="PN">Biden</Person> were intercepted at <Location gate:gateId="18165" rule="Location1" ruleFinal="LocFinal" locType="province" gate:matches="17273;17292">Delaware</Location> mail facilities in <Location gate:gateId="18166" rule="LocationPost" kind="locName" ruleFinal="LocFinal">New Castle</Location> and <Location gate:gateId="18167" locType="city" rule="Location1" ruleFinal="LocFinal">Wilmington</Location>, according to a law enforcement official who, like others, wasn’t authorized to discuss the investigation and spoke on condition of anonymity.

Like earlier targets, both <Person gate:gateId="18260" rule="Unknown" gate:matches="17223;17821;17823;17866;17867;17872" NMRule="Unknown" kind="PN">Biden</Person> and De Niro have been sharply critical of <Person gate:gateId="18261" rule="Unknown" gate:matches="17817;17818;17826;17830;17833;17844;17848;17849;17850;17853;17854;17855;17856;17857;17858;17860;17863;17868;17869;17870;17871;17873;17874;17877;17878;17882;17884;17887;17889;17892;17893;17894" NMRule="Unknown" kind="PN">Trump</Person>. The actor dropped an expletive insult at <Person gate:gateId="18262" rule="Unknown" gate:matches="17817;17818;17826;17830;17833;17844;17848;17849;17850;17853;17854;17855;17856;17857;17858;17860;17863;17868;17869;17870;17871;17873;17874;17877;17878;17882;17884;17887;17889;17892;17893;17894" NMRule="Unknown" kind="PN">Trump</Person> at this year’s <Person gate:gateId="18168" firstName="Tony" rule="PersonFull" ruleFinal="PersonFinal" gender="male" surname="Awards" kind="fullName">Tony Awards</Person> and apologized to Canadians for the ‘‘idiotic behavior of my president.’’ <Person gate:gateId="18182" matchedWithLonger="true" rule="PersonSays" gate:matches="17223;17821;17823;17866;17867;17872">Biden</Person> said last week that the president may not ‘‘know what he’s doing’’ and coddles dictators.

<Person gate:gateId="18263" rule="Unknown" gate:matches="17817;17818;17826;17830;17833;17844;17848;17849;17850;17853;17854;17855;17856;17857;17858;17860;17863;17868;17869;17870;17871;17873;17874;17877;17878;17882;17884;17887;17889;17892;17893;17894" NMRule="Unknown" kind="PN">Trump</Person> has called <Person gate:gateId="18267" rule="Unknown" gate:matches="17223;17821;17823;17866;17867;17872" NMRule="Unknown" kind="PN">Biden</Person> ‘‘<Person gate:gateId="18185" firstName="Crazy" rule="UnknownSurname" surname="Joe" kind="personName">Crazy Joe</Person>’’ and ‘‘mentally weak.’’

On Thursday, during a campaign trip to suburban <Location gate:gateId="18169" locType="city" rule="Location1" ruleFinal="LocFinal">Buffalo</Location>, <Person gate:gateId="18186" matchedWithLonger="true" rule="PersonSays" gate:matches="17223;17821;17823;17866;17867;17872">Biden</Person> said: ‘‘We&apos;ve got to get off this hate machine. We&apos;ve got to come together.’’

The packages were ‘‘clearly an effort to terrorize people politically, to choose people for political purposes and attack them because of their beliefs,’’ <Location gate:gateId="18170" rule="Location1" ruleFinal="LocFinal" locType="city" gate:matches="17234;17254;17272;17283;17289;17301;17304;17309;17321;17333">New York</Location> Mayor <Person gate:gateId="18171" rule="PersonJobTitle" kind="fullName" ruleFinal="PersonFinal">Bill de Blasio</Person> said.

The first crude bomb to be discovered was delivered Monday to the suburban <Location gate:gateId="18173" rule="Location1" ruleFinal="LocFinal" locType="city" gate:matches="17234;17254;17272;17283;17289;17301;17304;17309;17321;17333">New York</Location> compound of <Person gate:gateId="18174" firstName="George" ruleFinal="PersonFinal" gender="male" surname="Soros" kind="fullName" rule="PersonFull" gate:matches="17305;17875">George Soros</Person>, a liberal billionaire and major contributor to Democratic causes. <Person gate:gateId="18271" rule="Unknown" matchedWithLonger="true" gender="male" gate:matches="17305;17875" NMRule="Unknown" kind="PN">Soros</Person> has called <Person gate:gateId="18273" rule="Unknown" gate:matches="17817;17818;17826;17830;17833;17844;17848;17849;17850;17853;17854;17855;17856;17857;17858;17860;17863;17868;17869;17870;17871;17873;17874;17877;17878;17882;17884;17887;17889;17892;17893;17894" NMRule="Unknown" kind="PN">Trump</Person>’s presidency ‘‘dangerous.’’

Similar packages addressed to <Person gate:gateId="18176" firstName="Clinton" ruleFinal="PersonFinal" gender="male" matchedWithLonger="true" kind="firstName" rule="PersonFirstContext" gate:matches="17306;17308;17310">Clinton</Person> and <Person gate:gateId="18178" firstName="Obama" rule="PersonFirstContext" ruleFinal="PersonFinal" gender="male" gate:matches="17222;17230;17243;17307;17312;17316" kind="firstName">Obama</Person> were intercepted on their way to <Person gate:gateId="18180" firstName="Clinton" ruleFinal="PersonFinal" gender="male" matchedWithLonger="true" kind="firstName" rule="GazPersonFirst" gate:matches="17306;17308;17310">Clinton</Person>’s <Location gate:gateId="18183" rule="Location1" ruleFinal="LocFinal" locType="city" gate:matches="17234;17254;17272;17283;17289;17301;17304;17309;17321;17333">New York</Location> home, where she lives with former <Person gate:gateId="18184" firstName="Bill" ruleFinal="PersonFinal" gender="male" surname="Clinton" kind="personName" rule="PersonTitleGenderUnknown" title="President" gate:matches="17306;17308;17310">President Bill Clinton</Person>, and to <Location gate:gateId="18187" rule="Location1" ruleFinal="LocFinal" locType="city" gate:matches="17212;17274;17311;17330">Washington</Location>, where <Person gate:gateId="18188" rule="GazPerson" ruleFinal="PersonFinal" gender="male" gate:matches="17222;17230;17243;17307;17312;17316" surname="Obama" kind="fullName">Obama</Person> lives with his wife, <Person gate:gateId="18190" firstName="Michelle" rule="GazPerson" ruleFinal="PersonFinal" gender="female" surname="Obama" kind="fullName">Michelle Obama</Person>. The <Organization gate:gateId="18192" orgType="government" rule="GazOrganization" ruleFinal="OrgFinal" gate:matches="17314;17360;17374">Secret Service</Organization> said neither package reached its intended recipient.

Other packages were sent to frequent <Person gate:gateId="18274" rule="Unknown" gate:matches="17817;17818;17826;17830;17833;17844;17848;17849;17850;17853;17854;17855;17856;17857;17858;17860;17863;17868;17869;17870;17871;17873;17874;17877;17878;17882;17884;17887;17889;17892;17893;17894" NMRule="Unknown" kind="PN">Trump</Person> critics <Person gate:gateId="18275" rule="Unknown" matchedWithLonger="true" gate:matches="17246;17879" NMRule="Unknown" kind="PN">Waters</Person>, D-<Location gate:gateId="18195" locType="province" rule="Location1" ruleFinal="LocFinal">Calif.</Location>, and former <Person gate:gateId="18196" rule="GazPerson" ruleFinal="PersonFinal" gender="male" gate:matches="17222;17230;17243;17307;17312;17316" surname="Obama" kind="fullName">Obama</Person> Attorney General <Person gate:gateId="18198" rule="PersonJobTitle" kind="fullName" ruleFinal="PersonFinal">Eric Holder</Person>. His ended up at the Sunrise, <Location gate:gateId="18201" rule="Location1" ruleFinal="LocFinal" locType="province" gate:matches="17227;17237;17238;17242;17276;17278;17318;17359;17476">Florida</Location>, office of <Person gate:gateId="18278" rule="Unknown" matchedWithLonger="true" gate:matches="17279;17881" NMRule="Unknown" kind="PN">Wasserman</Person> Schultz, who was listed as the return address.

A police bomb squad removed the package addressed to <Person gate:gateId="18281" rule="Unknown" gate:matches="17232;17861;17862;17883" NMRule="Unknown" kind="PN">Brennan</Person> on <Person gate:gateId="18189" rule="PersonContext1">Wednesday</Person> from <Organization gate:gateId="18203" orgType="company" rule="GazOrganization" ruleFinal="OrgFinal" gate:matches="17229;17233;17245;17250;17269;17270;17291;17320;17362;17449">CNN</Organization>’s <Location gate:gateId="18206" rule="Location1" ruleFinal="LocFinal" locType="city" gate:matches="17234;17254;17272;17283;17289;17301;17304;17309;17321;17333">New York</Location> office, which was evacuated.

In response to the events, <Person gate:gateId="18283" rule="Unknown" gate:matches="17817;17818;17826;17830;17833;17844;17848;17849;17850;17853;17854;17855;17856;17857;17858;17860;17863;17868;17869;17870;17871;17873;17874;17877;17878;17882;17884;17887;17889;17892;17893;17894" NMRule="Unknown" kind="PN">Trump</Person> decried political violence but also joked about moving to more polite speeches.

‘‘Let’s get along,’’ he said at a <Location gate:gateId="18208" locType="province" rule="Location1" ruleFinal="LocFinal">Wisconsin</Location> rally Wednesday night. ‘‘By the way, do you see how nice I&apos;m behaving tonight? Have you ever seen this?’’

___

<Organization gate:gateId="18210" orgType="company" rule="GazOrganization" ruleFinal="OrgFinal" gate:matches="17213;17236;17324">Associated Press</Organization> writers <Person gate:gateId="18213" firstName="Eric" rule="PersonFull" ruleFinal="PersonFinal" gender="male" surname="Tucker" kind="fullName">Eric Tucker</Person>, <Person gate:gateId="18215" firstName="Laurie" rule="PersonFull" ruleFinal="PersonFinal" gender="female" surname="Kellman" kind="fullName">Laurie Kellman</Person>, <Person gate:gateId="18217" firstName="Ken" rule="PersonFull" ruleFinal="PersonFinal" gender="male" surname="Thomas" kind="fullName">Ken Thomas</Person>, <Person gate:gateId="18219" firstName="Jill" rule="PersonFull" ruleFinal="PersonFinal" gender="female" surname="Colvin" kind="fullName">Jill Colvin</Person> and <Person gate:gateId="18221" firstName="Chad" ruleFinal="PersonFinal" gender="male" surname="Day" kind="fullName" rule="PersonFull" gate:matches="17329;17852">Chad Day</Person> in <Location gate:gateId="18223" rule="InLoc1" ruleFinal="LocFinal" locType="city" gate:matches="17212;17274;17311;17330" kind="locName">Washington</Location> and <Person gate:gateId="18225" firstName="Jim" rule="PersonFull" ruleFinal="PersonFinal" gender="male" surname="Mustian" kind="fullName">Jim Mustian</Person>, Deepti Hajela and <Person gate:gateId="18226" firstName="Tom" rule="PersonFull" ruleFinal="PersonFinal" gender="male" surname="Hays" kind="fullName">Tom Hays</Person> in <Location gate:gateId="18229" rule="InLoc1" ruleFinal="LocFinal" locType="city" gate:matches="17234;17254;17272;17283;17289;17301;17304;17309;17321;17333" kind="locName">New York</Location> contributed to this report.
Show 78 Comments
78 Comments
Oldest
Newest
Best
FransBevy 10/26/18 06:49 AM
https://www.washingtonpost.com/nation/2018/10/26/trump-blasts-<Organization gate:gateId="18233" orgType="company" rule="GazOrganization" ruleFinal="OrgFinal">cnn</Organization>-am-tweet-blaming-me-bombings/?utm_term=.e97e3f8db968
I honestly think <Person gate:gateId="18288" rule="Unknown" gate:matches="17817;17818;17826;17830;17833;17844;17848;17849;17850;17853;17854;17855;17856;17857;17858;17860;17863;17868;17869;17870;17871;17873;17874;17877;17878;17882;17884;17887;17889;17892;17893;17894" NMRule="Unknown" kind="PN">Trump</Person>&apos;s losing it.
Really.
ruserious- 10/26/18 07:56 AM
Too much going on for him and he is even more unhinged than usual. Starting to feel empathy for him, he is old, eats a lot of fast food and does not have many coping skills, no wonder he can&apos;t sleep. Should stop napping during Executive time and take a walk.

Mueller is closing in
<Person gate:gateId="18236" firstName="Summer" rule="PersonFull" ruleFinal="PersonFinal" gender="female" surname="Zervos" kind="fullName">Summer Zervos</Person> suit is going forward
MBS transformed from <Person gate:gateId="18238" rule="GazPersonFirst" firstName="Jared" ruleFinal="PersonFinal" gender="male" kind="firstName">Jared</Person>&apos;s savior to <Person gate:gateId="18191" rule="PersonTitle1">Mr. Bone Saw</Person>
Mid terms
trump foundation lawsuit moving forward
Emoluments lawsuit moving forward
Census lawsuit moving forward

telwan 10/26/18 09:01 AM
<Person gate:gateId="18293" rule="Unknown" gate:matches="17817;17818;17826;17830;17833;17844;17848;17849;17850;17853;17854;17855;17856;17857;17858;17860;17863;17868;17869;17870;17871;17873;17874;17877;17878;17882;17884;17887;17889;17892;17893;17894" NMRule="Unknown" kind="PN">Trump</Person> never had it <Person gate:gateId="18242" rule="GazPersonFirst" firstName="Frans" ruleFinal="PersonFinal" gender="male" kind="firstName">Frans</Person>. Let’s not give him any credit where it certainly is not due. In his time as a public figure, he’s been unbalanced and ill thinking for a great number of years.

Show more replies (10)

Mojowork 10/26/18 07:03 AM
<Person gate:gateId="18245" rule="GazPerson" ruleFinal="PersonFinal" gender="male" surname="Hitler" kind="fullName">Hitler</Person>, McCarthy, <Person gate:gateId="18294" rule="Unknown" gate:matches="17817;17818;17826;17830;17833;17844;17848;17849;17850;17853;17854;17855;17856;17857;17858;17860;17863;17868;17869;17870;17871;17873;17874;17877;17878;17882;17884;17887;17889;17892;17893;17894" NMRule="Unknown" kind="PN">Trump</Person>. It is frightening how the menace in the <Organization gate:gateId="18247" orgType="government" rule="GazOrganization" ruleFinal="OrgFinal" gate:matches="17346;17392">White House</Organization> is exploiting the same tactics of scapegoating, lying, media bashing, hate-mongering (the list goes on) as the most despicable demagogues of the past century. The saddest part is that all of his manipulation is for one purpose only: to promote himself. He must be stopped. When will the people of conscience in his party stand up and declare the emperor has not clothes.
CapeCodLiberal 10/26/18 09:06 AM
Mojo, absolutely. And on that note, you can youtube our band - Digney Fignus video &quot;Emperor Wears No Clothes&quot;.

CapeCodLiberal 10/26/18 09:06 AM
Mojo, absolutely. And on that note, you can youtube our band - Digney Fignus video &quot;Emperor Wears No Clothes&quot;.

Show more replies (4)

merlintjb 10/26/18 07:23 AM
We&apos;ll all need to wait for the completion of the investigation and the arrest(s) of the perpetrator(s). Whoever did it threw the nation into a tizzy and created still another lost opportunity for Trumpsky to behave in a &quot;presidential&quot; fashion, overcoming partisanship and uniting a badly fractured country.

So, as usual, he failed, because from the moment he announced for the Presidency in June, 2015 he has repeatedly demonstrated his personal unfitness for the job. The name-calling continues, along with the appeal to base emotions, the lying and corruption, and broken promises to those who elected him and continue to support his deceits.

One thing he continues to prove is his authoritarianism, as he undermines constitutionalism and breaks all the norms (rules) set by presidents past. After all, the American-British governmental systems are largely based on long-standing traditions and unwritten rules. <Person gate:gateId="18254" firstName="George" rule="PersonLocAmbig" ruleFinal="PersonFinal" gender="male" surname="Washington" kind="fullName">George Washington</Person>, for instance, set out to make the Presidency respected at home and abroad. Can anyone honestly say this weird entertainer has achieved that goal?

The malignant narcissist currently holding the highest office is unfit to lead the <Location gate:gateId="18257" rule="LocationPost" kind="locName" ruleFinal="LocFinal">Great Republic</Location>. If you agree with my analysis, vote Democrat this fall to help reestablish what the late <Person gate:gateId="18258" firstName="John" ruleFinal="PersonFinal" gender="unknown" surname="McCain" kind="personName" rule="PersonTitleGenderUnknown" title="Senator">Senator John McCain</Person> called &quot;regular order&quot;. We need honest congressional investigations to check Trumpsky&apos;s abuses of power, including the recently revealed violations of security through the use of his personal cell phones!
obftklkdsvn 10/26/18 08:53 AM
I agree with your analysis of <Person gate:gateId="18227" rule="Unknown" gate:matches="17817;17818;17826;17830;17833;17844;17848;17849;17850;17853;17854;17855;17856;17857;17858;17860;17863;17868;17869;17870;17871;17873;17874;17877;17878;17882;17884;17887;17889;17892;17893;17894" NMRule="Unknown" kind="PN">Trump</Person> and am unlikely to vote Democrat any time soon. Despite breaking all the norms, it would be intellectually dishonest to say that the country is not better managed than it was under the last two administrations. Being distracted by shiny objects and missing the big picture is kind of sad. You hire an executive to manage, not to befriend.

NoOneImportant 10/26/18 09:04 AM
obftklkdsvn how are we better manged now as a Nation?

Show more replies (7)

ruserious- 10/26/18 07:58 AM
Opa Locka mail facility not far from Mar-a-Lago?
ruserious- 10/26/18 08:02 AM
&quot;Investigators are homing in on a postal facility in Opa-locka, <Location gate:gateId="18265" rule="Location1" ruleFinal="LocFinal" locType="province" gate:matches="17227;17237;17238;17242;17276;17278;17318;17359;17476">Florida</Location>, where they believe some of the packages originated, another official said&quot;

How about sending 800 troops to assist our <Organization gate:gateId="18266" orgType="government" rule="GazOrganization" ruleFinal="OrgFinal" gate:matches="17314;17360;17374">Secret Service</Organization> and investigators? Shouldn&apos;t we support their efforts to hunt down a real domestic terrorist instead of the fairy tale story trump is telling about the danger at the southern border?

ruserious- 10/26/18 08:09 AM
‘‘This is someone sitting down and spending time thinking about what they’re going to do to someone else. And some people like to relish that,’’ he said&quot;

Like a video of trump beating up <Organization gate:gateId="18269" orgType="company" rule="GazOrganization" ruleFinal="OrgFinal" gate:matches="17229;17233;17245;17250;17269;17270;17291;17320;17362;17449">CNN</Organization> in a wrestling meme?

Show more replies (3)

billyb2 10/26/18 08:04 AM
My money is on antifa.
https://www.google.com/search?q=antifa&amp;source=lnms&amp;tbm=isch&amp;sa=X&amp;ved=0ahUKEwjIu5fvh6TeAhVvRN8KHXQ8BYAQ_AUIESgE&amp;biw=1458&amp;bih=710
Abrahamson 10/26/18 08:08 AM
“A fool and his money are soon parted.”

rgspex 10/26/18 09:12 AM
I&apos;ve been saying the same. It could be a left wing lunatic trying to pin it on a right wing one instead of how everyone is blaming a right wing nut job.

And it certainly seems plausible and a tactic those lunatics would use.

We shall see!!!

Show more replies (6)

Abrahamson 10/26/18 08:06 AM
And where was Homeland Security Secretary Kirstjen <Organization gate:gateId="18277" orgType="company" rule="GazOrganization" ruleFinal="OrgFinal" gate:matches="17239;17369">Nielsen</Organization>? Down at the border protecting us from <Person gate:gateId="18279" rule="GazPersonFirst" firstName="brown" ruleFinal="PersonFinal" gender="male" gate:matches="17370;17372" kind="firstName">brown</Person> people.
ruserious- 10/26/18 08:12 AM
<Person gate:gateId="18282" rule="GazPersonFirst" firstName="Brown" ruleFinal="PersonFinal" gender="male" gate:matches="17370;17372" kind="firstName">Brown</Person> people, women and children, 3000 miles away, walking....meanwhile a domestic terrorist is running around sending bombs....meant to hurt our great former Presidents, VP&apos;s private <Location gate:gateId="18285" locType="country" rule="Location1" ruleFinal="LocFinal">USA</Location> citizens and our <Organization gate:gateId="18286" orgType="government" rule="GazOrganization" ruleFinal="OrgFinal" gate:matches="17314;17360;17374">Secret Service</Organization> Members.

liberal to a degree 10/26/18 09:26 AM
And those other government workers, USPS workers.

Show more replies (2)

OldeTeamFan 10/26/18 08:07 AM
Investigators trying to find this sick-o should by all means follow every potential lead, but anyone looking to understand his motive only has to attend a <Person gate:gateId="18232" rule="Unknown" gate:matches="17817;17818;17826;17830;17833;17844;17848;17849;17850;17853;17854;17855;17856;17857;17858;17860;17863;17868;17869;17870;17871;17873;17874;17877;17878;17882;17884;17887;17889;17892;17893;17894" NMRule="Unknown" kind="PN">Trump</Person> rally.
ruserious- 10/26/18 08:10 AM
Motive is there, but intent is there also...intentional hate speech, thy name is trump.

GeezerGeek 10/26/18 09:47 AM
olde.. the blame for the bombs starts with <Person gate:gateId="18234" rule="Unknown" gate:matches="17817;17818;17826;17830;17833;17844;17848;17849;17850;17853;17854;17855;17856;17857;17858;17860;17863;17868;17869;17870;17871;17873;17874;17877;17878;17882;17884;17887;17889;17892;17893;17894" NMRule="Unknown" kind="PN">Trump</Person>.


garymichael 10/26/18 08:23 AM
if they are hoax bombs that&apos;s good nobody could get hurt other than that though it doesn&apos;t matter if they are duds who ever is responsible is in deep trouble and a long time in jail lies ahead.

OD24DOC 10/26/18 08:45 AM
As usual, the gist of the column is ignored and the commentary devolves into all anti-<Person gate:gateId="18235" rule="Unknown" gate:matches="17817;17818;17826;17830;17833;17844;17848;17849;17850;17853;17854;17855;17856;17857;17858;17860;17863;17868;17869;17870;17871;17873;17874;17877;17878;17882;17884;17887;17889;17892;17893;17894" NMRule="Unknown" kind="PN">Trump</Person> rhetoric.
Abrahamson 10/26/18 09:01 AM
What a ridiculous comment. By the way this is not a “column.” This is straight news reporting. Trumpers have a hard time telling the difference.

NoOneImportant 10/26/18 09:07 AM
You supper him OD24DOC and he attacks and threatens wide swaths of the population each and every rally. Why do you ignore that?

Show more replies (4)

telwan 10/26/18 09:08 AM
<Person gate:gateId="18240" rule="Unknown" gate:matches="17817;17818;17826;17830;17833;17844;17848;17849;17850;17853;17854;17855;17856;17857;17858;17860;17863;17868;17869;17870;17871;17873;17874;17877;17878;17882;17884;17887;17889;17892;17893;17894" NMRule="Unknown" kind="PN">Trump</Person> is not to blaaaaaaaaame! Remember that. He has not driven and amped up hateful rhetoric, xenophia, religious bigotry, anxiety over immigrants, love of mother <Location gate:gateId="18297" locType="country" rule="Location1" ruleFinal="LocFinal">Russia</Location> or hatred of the ‘elite’ and anyone who does not have overarching, for right values.

No, no, no people. The leadership of our country is blameless. They can’t conceive of just what-in-this-world is going on! Why won’t the far right butbags just listen to Trumps constant please of peace, love, happiness and a renewed call for embracing the values TRUTH, justice and the American way? MAGA everyone! MAGA!

Mueller Ain’t Going Away.
telwan 10/26/18 09:09 AM
^^nutbags.

telwan 10/26/18 09:09 AM
^^pleas.

Show more replies (2)

greyman 10/26/18 09:14 AM
Amazing <Organization gate:gateId="18298" orgType="government" rule="GazOrganization" ruleFinal="OrgFinal" gate:matches="17218;17225;17259;17390">FBI</Organization> agents will get this done.
toadfanforever 10/26/18 09:58 AM
If it turns out to be a right wing radical or radical group I suspect the <Organization gate:gateId="18299" orgType="government" rule="GazOrganization" ruleFinal="OrgFinal" gate:matches="17346;17392">White House</Organization> will try to stop the news from coming out.


rgspex 10/26/18 09:15 AM
Is this the work of a right wing or left wing nut job/group? We don&apos;t yet know yet most blame <Person gate:gateId="18241" rule="Unknown" gate:matches="17817;17818;17826;17830;17833;17844;17848;17849;17850;17853;17854;17855;17856;17857;17858;17860;17863;17868;17869;17870;17871;17873;17874;17877;17878;17882;17884;17887;17889;17892;17893;17894" NMRule="Unknown" kind="PN">Trump</Person> and his supporters as the culprit(s).

We shall see how the investigation turns out.
Abrahamson 10/26/18 09:30 AM
Limbaugh Koolade.

GeezerGeek 10/26/18 09:53 AM
rg ok i&apos;ll bet you 10k that it is a right-wing terrorist. We can let a globe reporter hold the bet. Will you take the bet?

Show more replies (1)

Cici from nh 10/26/18 09:17 AM
From the column:”‘‘A very big part of the Anger we see today in our society is caused by the purposely false and inaccurate reporting of the <Organization gate:gateId="18300" orgType="unknown" rule="TheOrgXKey" ruleFinal="OrgFinal" gate:matches="17264;17267;17398;17401">Mainstream Media</Organization> that I refer to as <Organization gate:gateId="18301" orgType="newspaper" rule="NewspaperEndng" ruleFinal="OrgFinal" gate:matches="17265;17399">Fake News</Organization>,’’ <Person gate:gateId="18193" matchedWithLonger="true" rule="PersonSays" gate:matches="17817;17818;17826;17830;17833;17844;17848;17849;17850;17853;17854;17855;17856;17857;17858;17860;17863;17868;17869;17870;17871;17873;17874;17877;17878;17882;17884;17887;17889;17892;17893;17894">Trump</Person> said on <Organization gate:gateId="18302" orgType="company" rule="GazOrganization" ruleFinal="OrgFinal" gate:matches="17199;17203;17266;17400;17501">Twitter</Organization>. ‘‘It has gotten so bad and hateful that it is beyond description. <Organization gate:gateId="18303" orgType="unknown" rule="OrgXKey" ruleFinal="OrgFinal" gate:matches="17264;17267;17398;17401">Mainstream Media</Organization> must clean up its act, FAST!’’

The mendacity is the worst from the worst. The lunatic continued with his inane comments about this situation; and his give-away guilt is to ask “when have you ever seen me like this?” ( addressing terrorism in a humorous spate of his own attempts to have this type of behavior, from his “base fans!”

He treats this with humorous comments? Why is he still in the executive branch of the federal government? He should be placed in a psychiatric facility for a long time, in my opinion.

improvr 10/26/18 09:21 AM
<Person gate:gateId="18248" rule="Unknown" gate:matches="17817;17818;17826;17830;17833;17844;17848;17849;17850;17853;17854;17855;17856;17857;17858;17860;17863;17868;17869;17870;17871;17873;17874;17877;17878;17882;17884;17887;17889;17892;17893;17894" NMRule="Unknown" kind="PN">Trump</Person>’s SA has been very busy.

Koch_Brothers 10/26/18 09:42 AM
I think it&apos;s <Person gate:gateId="18194" firstName="Megyn" rule="UnknownSurname" gate:matches="17816;17827;17828;17829;17831;17832;17859;17865;17876;17885;17886;17895" surname="Kelly" kind="personName"><Person gate:gateId="18249" rule="Unknown" gate:matches="17816;17827;17828;17829;17831;17832;17859;17865;17876;17885;17886;17895" NMRule="Unknown" kind="PN">Megyn</Person> Kelly</Person>.

undertheappletree 10/26/18 09:53 AM
All the bombs are duds. What are the odds?

rgspex 10/26/18 09:58 AM
This is now growing by the hour and seems like a well coordinated plan by either a group or more than just 1 person. They are certainly going after <Person gate:gateId="18250" rule="Unknown" gate:matches="17817;17818;17826;17830;17833;17844;17848;17849;17850;17853;17854;17855;17856;17857;17858;17860;17863;17868;17869;17870;17871;17873;17874;17877;17878;17882;17884;17887;17889;17892;17893;17894" NMRule="Unknown" kind="PN">Trump</Person>&apos;s critics which is a long list and eventually he&apos;s going to slip up and get caught, thankfully!

garymichael 10/26/18 10:02 AM
this isn&apos;t as bad, so far, as the Anthrax Attacks in 2001. 5 people died and years later the main suspect killed himself.

Please log in to comment.
Continue <Location gate:gateId="17983" locType="city" rule="Location1" ruleFinal="LocFinal">Reading</Location> view more article content

Decorative Shadow

Top 10 Trending Articles
Viewed
Commented
Shared
In 3 a.m. tweet, <Person gate:gateId="18253" rule="Unknown" gate:matches="17817;17818;17826;17830;17833;17844;17848;17849;17850;17853;17854;17855;17856;17857;17858;17860;17863;17868;17869;17870;17871;17873;17874;17877;17878;17882;17884;17887;17889;17892;17893;17894" NMRule="Unknown" kind="PN">Trump</Person> claims he’s being blamed for mail bombs
Another suspicious package found, addressed to <Person gate:gateId="18255" rule="Unknown" gate:matches="17215;17864;17890;17891" NMRule="Unknown" kind="PN">Cory</Person> <Location gate:gateId="17984" rule="Location1" ruleFinal="LocFinal" locType="city" gate:matches="17177;17179;17195;17196;17197;17216;17226;17411">Booker</Location>
<Organization gate:gateId="17985" orgType="company" rule="GazOrganization" ruleFinal="OrgFinal" gate:matches="17188;17412;17444;17451">Khashoggi</Organization> killing spotlights Saudi money flowing to <Organization gate:gateId="17986" orgType="company" rule="GazOrganization" ruleFinal="OrgFinal" gate:matches="17189;17413;17437;17445;17452;17453">Harvard</Organization>, <Organization gate:gateId="18212" rule="Unknown" gate:matches="17835;17837;17838;17839;17840;17841;17843" NMRule="Unknown" kind="PN">MIT</Organization>
The <Person gate:gateId="18197" firstName="Megyn" rule="UnknownSurname" gate:matches="17816;17827;17828;17829;17831;17832;17859;17865;17876;17885;17886;17895" surname="Kelly" kind="personName"><Person gate:gateId="18256" rule="Unknown" gate:matches="17816;17827;17828;17829;17831;17832;17859;17865;17876;17885;17886;17895" NMRule="Unknown" kind="PN">Megyn</Person> Kelly</Person> fiasco that was waiting to happen
On mass transit, Baker’s promises and commuters’ experiences often diverge
Nor’easter will make for a wet n’ wild weekend
‘This is a business trip.’ <Organization gate:gateId="17987" orgType="company" rule="GazOrganization" ruleFinal="OrgFinal" gate:matches="17415;17418;17432;17441;17460;17462;17465;17487;17490;17491;17492">Red Sox</Organization> look to finish the job in <Location gate:gateId="17988" rule="InLoc1" ruleFinal="LocFinal" locType="city" gate:matches="17416;17461" kind="locName">Los Angeles</Location>
Two <Organization gate:gateId="18214" rule="Unknown" gate:matches="17835;17837;17838;17839;17840;17841;17843" NMRule="Unknown" kind="PN">MIT</Organization> grads are goading <Person gate:gateId="17989" firstName="Bob" ruleFinal="PersonFinal" gender="male" matchedWithLonger="true" surname="DeLeo" kind="fullName" rule="PersonFull" gate:matches="17417;17469;17470">Bob DeLeo</Person> with ballot measures in his district
A great place for the <Organization gate:gateId="17990" orgType="company" rule="GazOrganization" ruleFinal="OrgFinal" gate:matches="17415;17418;17432;17441;17460;17462;17465;17487;17490;17491;17492">Red Sox</Organization> to beat <Location gate:gateId="17991" rule="Location1" ruleFinal="LocFinal" locType="city" gate:matches="17419;17420;17442;17443;17466;17467">LA</Location> is in <Location gate:gateId="17992" rule="InLoc1" ruleFinal="LocFinal" locType="city" gate:matches="17419;17420;17442;17443;17466;17467" kind="locName">LA</Location>
Jayson Tatum, <Person gate:gateId="17993" firstName="Marcus" ruleFinal="PersonFinal" gender="male" surname="Morris" kind="fullName" rule="PersonFull" gate:matches="17421;17481">Marcus Morris</Person> lead <Organization gate:gateId="17994" orgType="team" rule="GazOrganization" ruleFinal="OrgFinal" gate:matches="17422;17480;17482;17842">Celtics</Organization>’ comeback against winless Thunder
In <Location gate:gateId="17995" rule="Location1" ruleFinal="LocFinal" locType="region" gate:matches="17423;17496">New England</Location>, <Person gate:gateId="17996" firstName="Aaron" ruleFinal="PersonFinal" gender="male" surname="Hernandez" kind="fullName" rule="PersonFull" gate:matches="17424;17426">Aaron Hernandez</Person> ran for glory, and for his life
World Series start times, long games, the <Organization gate:gateId="17997" orgType="team" rule="GazOrganization" ruleFinal="OrgFinal">Astros</Organization> and more from baseball’s boss
When <Person gate:gateId="17998" firstName="Aaron" ruleFinal="PersonFinal" gender="male" surname="Hernandez" kind="fullName" rule="PersonFull" gate:matches="17424;17426">Aaron Hernandez</Person> became a murderer
<Organization gate:gateId="17999" orgType="company" rule="GazOrganization" ruleFinal="OrgFinal" gate:matches="17198;17204;17427;17500;17508">Facebook</Organization> wants to keep an eye on you
<Organization gate:gateId="18000" orgType="unknown" rule="OrgXKey" ruleFinal="OrgFinal">Columbia Gas</Organization> may not meet Nov. 19 deadline to restore service in <Location gate:gateId="18001" rule="LocationPost" kind="locName" ruleFinal="LocFinal">Merrimack Valley</Location>
Why women fall into the negative feedback trap
SpotHero parking reservation is guaranteed ­— except when it’s not
<Person gate:gateId="18002" firstName="Dan" ruleFinal="PersonFinal" gender="male" surname="Shaughnessy" kind="fullName" rule="PersonFull" gate:matches="17431;17464">Dan Shaughnessy</Person>: Suddenly, <Organization gate:gateId="18003" orgType="company" rule="GazOrganization" ruleFinal="OrgFinal" gate:matches="17415;17418;17432;17441;17460;17462;17465;17487;17490;17491;17492">Red Sox</Organization>&apos; <Person gate:gateId="18004" firstName="David" rule="PersonFull" ruleFinal="PersonFinal" gender="male" surname="Price" kind="fullName">David Price</Person> has morphed into Mr. October
<Location gate:gateId="18005" locType="country" rule="Location1" ruleFinal="LocFinal">China</Location> mocks report it taps <Person gate:gateId="18264" rule="Unknown" gate:matches="17817;17818;17826;17830;17833;17844;17848;17849;17850;17853;17854;17855;17856;17857;17858;17860;17863;17868;17869;17870;17871;17873;17874;17877;17878;17882;17884;17887;17889;17892;17893;17894" NMRule="Unknown" kind="PN">Trump</Person>’s iPhone (and plugs its own rival brand)
Another alumnus of <Person gate:gateId="18006" firstName="Elizabeth" rule="PersonLocAmbig" ruleFinal="PersonFinal" gender="female" surname="Warren" kind="fullName">Elizabeth Warren</Person>’s <Organization gate:gateId="18007" orgType="company" rule="GazOrganization" ruleFinal="OrgFinal" gate:matches="17189;17413;17437;17445;17452;17453">Harvard</Organization> Law class is running for office
<Person gate:gateId="18008" firstName="Curt" rule="PersonFull" ruleFinal="PersonFinal" gender="male" surname="Schilling" kind="fullName">Curt Schilling</Person> says his exclusion from Game 2’s pregame ceremonies was ‘100 percent on purpose’ and ‘expected’
<Person gate:gateId="18268" rule="Unknown" gate:matches="17817;17818;17826;17830;17833;17844;17848;17849;17850;17853;17854;17855;17856;17857;17858;17860;17863;17868;17869;17870;17871;17873;17874;17877;17878;17882;17884;17887;17889;17892;17893;17894" NMRule="Unknown" kind="PN">Trump</Person> administration plans to send 800 more troops to the border
In 3 a.m. tweet, <Person gate:gateId="18270" rule="Unknown" gate:matches="17817;17818;17826;17830;17833;17844;17848;17849;17850;17853;17854;17855;17856;17857;17858;17860;17863;17868;17869;17870;17871;17873;17874;17877;17878;17882;17884;17887;17889;17892;17893;17894" NMRule="Unknown" kind="PN">Trump</Person> claims he’s being blamed for mail bombs
The <Person gate:gateId="18199" firstName="Megyn" rule="UnknownSurname" gate:matches="17816;17827;17828;17829;17831;17832;17859;17865;17876;17885;17886;17895" surname="Kelly" kind="personName"><Person gate:gateId="18272" rule="Unknown" gate:matches="17816;17827;17828;17829;17831;17832;17859;17865;17876;17885;17886;17895" NMRule="Unknown" kind="PN">Megyn</Person> Kelly</Person> fiasco that was waiting to happen
A great place for the <Organization gate:gateId="18009" orgType="company" rule="GazOrganization" ruleFinal="OrgFinal" gate:matches="17415;17418;17432;17441;17460;17462;17465;17487;17490;17491;17492">Red Sox</Organization> to beat <Location gate:gateId="18010" rule="Location1" ruleFinal="LocFinal" locType="city" gate:matches="17419;17420;17442;17443;17466;17467">LA</Location> is in <Location gate:gateId="18011" rule="InLoc1" ruleFinal="LocFinal" locType="city" gate:matches="17419;17420;17442;17443;17466;17467" kind="locName">LA</Location>
On mass transit, Baker’s promises and commuters’ experiences often diverge
<Organization gate:gateId="18012" orgType="company" rule="GazOrganization" ruleFinal="OrgFinal" gate:matches="17188;17412;17444;17451">Khashoggi</Organization>’s death prompts questions about Saudi money powering programs at <Organization gate:gateId="18013" orgType="company" rule="GazOrganization" ruleFinal="OrgFinal" gate:matches="17189;17413;17437;17445;17452;17453">Harvard</Organization>, <Organization gate:gateId="18216" rule="Unknown" gate:matches="17835;17837;17838;17839;17840;17841;17843" NMRule="Unknown" kind="PN">MIT</Organization>
What a <Location gate:gateId="18014" rule="Location1" ruleFinal="LocFinal" locType="city" gate:matches="17446;17468;17473">Boston</Location> Ballet dancer had to say about <Person gate:gateId="18276" rule="Unknown" matchedWithLonger="true" gender="male" gate:matches="17484;17880;17888" NMRule="Unknown" kind="PN">Benintendi</Person>’s amazing catch
Here are some of the clues in the pipe bomb probe
Investigators search for person who sent mail bombs, motive
Most Popular in news Right Arrow

In 3 a.m. tweet, <Person gate:gateId="18280" rule="Unknown" gate:matches="17817;17818;17826;17830;17833;17844;17848;17849;17850;17853;17854;17855;17856;17857;17858;17860;17863;17868;17869;17870;17871;17873;17874;17877;17878;17882;17884;17887;17889;17892;17893;17894" NMRule="Unknown" kind="PN">Trump</Person> claims he’s being blamed for mail bombs

<Person gate:gateId="18200" rule="PersonTitle1" gate:matches="17817;17818;17826;17830;17833;17844;17848;17849;17850;17853;17854;17855;17856;17857;17858;17860;17863;17868;17869;17870;17871;17873;17874;17877;17878;17882;17884;17887;17889;17892;17893;17894">President Donald Trump</Person> lashed out at “lowly rated <Organization gate:gateId="18015" orgType="company" rule="GazOrganization" ruleFinal="OrgFinal" gate:matches="17229;17233;17245;17250;17269;17270;17291;17320;17362;17449">CNN</Organization>” and others in a tweet sent before <Person gate:gateId="18016" firstName="dawn" ruleFinal="PersonFinal" gender="female" surname="Friday" kind="fullName" rule="PersonFull" gate:matches="17249;17450">dawn Friday</Person>.
More

<Organization gate:gateId="18017" orgType="company" rule="GazOrganization" ruleFinal="OrgFinal" gate:matches="17188;17412;17444;17451">Khashoggi</Organization> killing spotlights Saudi money flowing to <Organization gate:gateId="18018" orgType="company" rule="GazOrganization" ruleFinal="OrgFinal" gate:matches="17189;17413;17437;17445;17452;17453">Harvard</Organization>, <Organization gate:gateId="18218" rule="Unknown" gate:matches="17835;17837;17838;17839;17840;17841;17843" NMRule="Unknown" kind="PN">MIT</Organization>

<Organization gate:gateId="18019" orgType="company" rule="GazOrganization" ruleFinal="OrgFinal" gate:matches="17189;17413;17437;17445;17452;17453">Harvard</Organization> and <Organization gate:gateId="18209" rule ="OrgConjOrg2" gate:matches="17835;17837;17838;17839;17840;17841;17843" orgType ="unknown">MIT</Organization> are reevaluating their ties with <Location gate:gateId="18020" locType="country" rule="Location1" ruleFinal="LocFinal">Saudi Arabia</Location> following the death of journalist <Person gate:gateId="18021" firstName="Jamal" rule="PersonFull" ruleFinal="PersonFinal" gender="male" surname="Khashoggi" kind="fullName">Jamal Khashoggi</Person>.
More

Buzzsaw
The <Person gate:gateId="18202" firstName="Megyn" rule="UnknownSurname" gate:matches="17816;17827;17828;17829;17831;17832;17859;17865;17876;17885;17886;17895" surname="Kelly" kind="personName"><Person gate:gateId="18284" rule="Unknown" gate:matches="17816;17827;17828;17829;17831;17832;17859;17865;17876;17885;17886;17895" NMRule="Unknown" kind="PN">Megyn</Person> Kelly</Person> fiasco that was waiting to happen

<Person gate:gateId="18204" firstName="Megyn" rule="UnknownSurname" gate:matches="17816;17827;17828;17829;17831;17832;17859;17865;17876;17885;17886;17895" surname="Kelly" kind="personName"><Person gate:gateId="18287" rule="Unknown" gate:matches="17816;17827;17828;17829;17831;17832;17859;17865;17876;17885;17886;17895" NMRule="Unknown" kind="PN">Megyn</Person> Kelly</Person> said something racially offensive, and if anyone — including her bosses at <Organization gate:gateId="18022" orgType="company" rule="GazOrganization" ruleFinal="OrgFinal">NBC</Organization> — is surprised, they shouldn’t be.
More

On mass transit, Baker’s promises and commuters’ experiences often diverge

The governor has made a big commitment to the MBTA of the future, but many riders hunger for immediate fixes.
More

Nor’easter will make for a wet n’ wild weekend

In case you’re still in denial, it’s time to face reality: a strong nor’easter is coming our way.
More

<Person gate:gateId="18023" firstName="PETER" rule="PersonFull" ruleFinal="PersonFinal" gender="male" surname="ABRAHAM" kind="fullName">PETER ABRAHAM</Person>
‘This is a business trip.’ <Organization gate:gateId="18024" orgType="company" rule="GazOrganization" ruleFinal="OrgFinal" gate:matches="17415;17418;17432;17441;17460;17462;17465;17487;17490;17491;17492">Red Sox</Organization> look to finish the job in <Location gate:gateId="18025" rule="InLoc1" ruleFinal="LocFinal" locType="city" gate:matches="17416;17461" kind="locName">Los Angeles</Location>

The <Organization gate:gateId="18026" orgType="company" rule="GazOrganization" ruleFinal="OrgFinal" gate:matches="17415;17418;17432;17441;17460;17462;17465;17487;17490;17491;17492">Red Sox</Organization> need two victories to win the World Series, which resumes with Game 3 Friday night.
More

<Person gate:gateId="18027" firstName="DAN" ruleFinal="PersonFinal" gender="male" surname="SHAUGHNESSY" kind="fullName" rule="PersonFull" gate:matches="17431;17464">DAN SHAUGHNESSY</Person>
A great place for the <Organization gate:gateId="18028" orgType="company" rule="GazOrganization" ruleFinal="OrgFinal" gate:matches="17415;17418;17432;17441;17460;17462;17465;17487;17490;17491;17492">Red Sox</Organization> to beat <Location gate:gateId="18029" rule="Location1" ruleFinal="LocFinal" locType="city" gate:matches="17419;17420;17442;17443;17466;17467">LA</Location> is in <Location gate:gateId="18030" rule="InLoc1" ruleFinal="LocFinal" locType="city" gate:matches="17419;17420;17442;17443;17466;17467" kind="locName">LA</Location>

<Location gate:gateId="18031" rule="Location1" ruleFinal="LocFinal" locType="city" gate:matches="17446;17468;17473">Boston</Location> teams have had some memorable moments out there, and there could be another

one very soon.
More

Two <Organization gate:gateId="18220" rule="Unknown" gate:matches="17835;17837;17838;17839;17840;17841;17843" NMRule="Unknown" kind="PN">MIT</Organization> grads are goading <Person gate:gateId="18032" firstName="Bob" ruleFinal="PersonFinal" gender="male" matchedWithLonger="true" surname="DeLeo" kind="fullName" rule="PersonFull" gate:matches="17417;17469;17470">Bob DeLeo</Person> with ballot measures in his district

<Person gate:gateId="18033" firstName="Robert" ruleFinal="PersonFinal" gender="male" surname="DeLeo" kind="fullName" rule="PersonFull" gate:matches="17417;17469;17470">Robert DeLeo</Person> doesn’t have an opponent this year, and yet the powerful leader could face an embarrassing rebuke in November.
More

What a <Location gate:gateId="18034" rule="Location1" ruleFinal="LocFinal" locType="city" gate:matches="17446;17468;17473">Boston</Location> Ballet dancer had to say about <Person gate:gateId="18289" rule="Unknown" gate:matches="17484;17880;17888" NMRule="Unknown" kind="PN">Benintendi</Person>’s amazing catch

What did the experts think of his form? “It’s something we use in ballet all the time. We call it a grand jeté.”
More

Here’s what to expect from the weekend nor’easter

Here are the latest predictions from forecasters on the nor’easter that’s expected to arrive in <Location gate:gateId="18035" rule="InLoc1" ruleFinal="LocFinal" locType="province" kind="locName">Massachusetts</Location> late Friday night.
More

Investigation into pipe bombs turns toward <Location gate:gateId="18036" rule="Location1" ruleFinal="LocFinal" locType="province" gate:matches="17227;17237;17238;17242;17276;17278;17318;17359;17476">Florida</Location> as more <Person gate:gateId="18290" rule="Unknown" gate:matches="17817;17818;17826;17830;17833;17844;17848;17849;17850;17853;17854;17855;17856;17857;17858;17860;17863;17868;17869;17870;17871;17873;17874;17877;17878;17882;17884;17887;17889;17892;17893;17894" NMRule="Unknown" kind="PN">Trump</Person> critics are targeted

Federal authorities investigating a spate of pipe bombs sent this week to several prominent critics of <Person gate:gateId="18205" rule="PersonTitle1" gate:matches="17817;17818;17826;17830;17833;17844;17848;17849;17850;17853;17854;17855;17856;17857;17858;17860;17863;17868;17869;17870;17871;17873;17874;17877;17878;17882;17884;17887;17889;17892;17893;17894">President Donald Trump</Person> have turned their attention toward <Location gate:gateId="18037" locType="pre" rule="Location1" ruleFinal="LocFinal">southern Florida</Location>.
More

<Organization gate:gateId="18222" rule="Unknown" gate:matches="17422;17480;17482;17842" NMRule="Unknown" kind="PN">CELTICS</Organization> 101, THUNDER 95
A halftime attitude adjustment put the <Organization gate:gateId="18038" orgType="team" rule="GazOrganization" ruleFinal="OrgFinal" gate:matches="17422;17480;17482;17842">Celtics</Organization> back on the winning track

Jayson Tatum and <Person gate:gateId="18039" firstName="Marcus" ruleFinal="PersonFinal" gender="male" surname="Morris" kind="fullName" rule="PersonFull" gate:matches="17421;17481">Marcus Morris</Person> led the <Organization gate:gateId="18040" orgType="team" rule="GazOrganization" ruleFinal="OrgFinal" gate:matches="17422;17480;17482;17842">Celtics</Organization> comeback against the winless Thunder on Thursday.
More

Here’s how a Globe photographer got the shot of <Person gate:gateId="18041" firstName="Andrew" ruleFinal="PersonFinal" gender="male" surname="Benintendi" kind="fullName" rule="PersonFull" gate:matches="17484;17880;17888">Andrew Benintendi</Person>’s catch

“Luckily for me, I didn’t get blocked by anybody from getting that picture,” the Globe’s <Person gate:gateId="18042" firstName="Jim" rule="PersonFull" ruleFinal="PersonFinal" gender="male" surname="Davis" kind="fullName">Jim Davis</Person> said.
More

<Person gate:gateId="18043" firstName="ALEX" rule="PersonFull" ruleFinal="PersonFinal" gender="male" surname="SPEIER" kind="fullName">ALEX SPEIER</Person>
<Organization gate:gateId="18044" orgType="company" rule="GazOrganization" ruleFinal="OrgFinal" gate:matches="17415;17418;17432;17441;17460;17462;17465;17487;17490;17491;17492">Red Sox</Organization> are trampling playoff opponents in near-historic fashion

The remarkable consistency they showed in the regular season has carried right on through, making them appear unstoppable.
More

<Person gate:gateId="18045" firstName="TARA" rule="PersonFull" ruleFinal="PersonFinal" gender="female" surname="SULLIVAN" kind="fullName">TARA SULLIVAN</Person>
For <Person gate:gateId="18046" firstName="Rick" rule="PersonFull" ruleFinal="PersonFinal" gender="male" surname="Porcello" kind="fullName">Rick Porcello</Person>, team has always come first

Loyalty has long been a dominant trait of the <Organization gate:gateId="18047" orgType="company" rule="GazOrganization" ruleFinal="OrgFinal" gate:matches="17415;17418;17432;17441;17460;17462;17465;17487;17490;17491;17492">Red Sox</Organization> righthander — just ask his high school coach.
More

INNOVATION ECONOMY
These new companies are like Uber or Lyft for kids

To succeed, a new breed of ride-service startups will first have to gain the trust of parents.
More

<Organization gate:gateId="18048" orgType="company" rule="GazOrganization" ruleFinal="OrgFinal" gate:matches="17415;17418;17432;17441;17460;17462;17465;17487;17490;17491;17492">RED SOX</Organization> NOTEBOOK
<Organization gate:gateId="18049" orgType="company" rule="GazOrganization" ruleFinal="OrgFinal" gate:matches="17415;17418;17432;17441;17460;17462;17465;17487;17490;17491;17492">Red Sox</Organization> have five finalists for Gold Gloves

All three outfielders, plus <Person gate:gateId="18050" firstName="Mitch" rule="PersonFull" ruleFinal="PersonFinal" gender="male" surname="Moreland" kind="fullName">Mitch Moreland</Person> and <Person gate:gateId="18051" firstName="Ian" rule="PersonFull" ruleFinal="PersonFinal" gender="male" surname="Kinsler" kind="fullName">Ian Kinsler</Person>, are up for the awards, which will be announced Nov. 4.
More

Patriots willing to trade smarts for speed on defense

<Location gate:gateId="18052" rule="Location1" ruleFinal="LocFinal" locType="region" gate:matches="17423;17496">New England</Location>’s emphasis on getting experienced, disciplined players on defense has often worked even against its most athletic opponents.
More

Real journalists. Real journalism. Subscribe to The <Organization gate:gateId="18053" orgType="company" rule="GazOrganization" ruleFinal="OrgFinal" gate:matches="17178;17180;17181;17182;17183;17191;17192;17193;17194;17202;17497;17503;17505;17509;17510;17511;17512">Boston Globe</Organization> today.
Subscribe Now

Digital Access
Home Delivery
Gift Subscriptions
My Account

Manage my Account
<Organization gate:gateId="18054" orgType="unknown" rule="OrgXBase" ruleFinal="OrgFinal">Mobile Customer Service</Organization>
Sign Up For Newsletters
Contact

Help
FAQs
Globe newsroom
Advertise
Order back issues
Social

<Organization gate:gateId="18055" orgType="company" rule="GazOrganization" ruleFinal="OrgFinal" gate:matches="17198;17204;17427;17500;17508">Facebook</Organization>
<Organization gate:gateId="18056" orgType="company" rule="GazOrganization" ruleFinal="OrgFinal" gate:matches="17199;17203;17266;17400;17501">Twitter</Organization>
<Organization gate:gateId="18057" orgType="company" rule="GazOrganization" ruleFinal="OrgFinal" gate:matches="17200;17502">Google</Organization>+
More

ePaper
News in Education
Archives
Privacy policy
Terms of service
Terms of purchase
Work at <Organization gate:gateId="18058" orgType="unknown" rule="OrgXKey" ruleFinal="OrgFinal" gate:matches="17178;17180;17181;17182;17183;17191;17192;17193;17194;17202;17497;17503;17505;17509;17510;17511;17512">Boston Globe Media</Organization>

&#169; 2018 <Organization gate:gateId="18059" orgType="unknown" rule="OrgXBase" ruleFinal="OrgFinal" gate:matches="17178;17180;17181;17182;17183;17191;17192;17193;17194;17202;17497;17503;17505;17509;17510;17511;17512">Boston Globe Media Partners</Organization>, LLC
Close
Wake up with
today&apos;s top stories
<Organization gate:gateId="18060" orgType="newspaper" rule="NewspaperEndng" ruleFinal="OrgFinal">Get Today</Organization>&apos;s Headlines every morning and breaking news as it unfolds.
Connect with <Organization gate:gateId="18061" orgType="company" rule="GazOrganization" ruleFinal="OrgFinal" gate:matches="17198;17204;17427;17500;17508">Facebook</Organization>
or
<Organization gate:gateId="18211" rule ="OrgConjOrg2" orgType ="unknown">Subscriber</Organization> Log in | Privacy Policy
Thanks for signing up
Browse our full list of free Globe newsletters
Return to your story
<Organization gate:gateId="18062" orgType="company" rule="GazOrganization" ruleFinal="OrgFinal" gate:matches="17178;17180;17181;17182;17183;17191;17192;17193;17194;17202;17497;17503;17505;17509;17510;17511;17512">Boston Globe</Organization> Logo

<Organization gate:gateId="18063" orgType="company" rule="GazOrganization" ruleFinal="OrgFinal" gate:matches="17178;17180;17181;17182;17183;17191;17192;17193;17194;17202;17497;17503;17505;17509;17510;17511;17512">Boston Globe</Organization> Logo
<Organization gate:gateId="18064" orgType="company" rule="GazOrganization" ruleFinal="OrgFinal" gate:matches="17178;17180;17181;17182;17183;17191;17192;17193;17194;17202;17497;17503;17505;17509;17510;17511;17512">Boston Globe</Organization> Logo

<Organization gate:gateId="18065" orgType="company" rule="GazOrganization" ruleFinal="OrgFinal" gate:matches="17178;17180;17181;17182;17183;17191;17192;17193;17194;17202;17497;17503;17505;17509;17510;17511;17512">Boston Globe</Organization> Logo
You have one free article left. One free article left. Get UNLIMITED access for only 99¢ per week. Subscribe now →
